{
  "AddScholarship" : {
    "transaction" : "AddScholarship",
    "sampleCount" : 3000,
    "errorCount" : 28,
    "errorPct" : 0.93333334,
    "meanResTime" : 3970.4636666666684,
    "medianResTime" : 3977.0,
    "minResTime" : 351.0,
    "maxResTime" : 48363.0,
    "pct1ResTime" : 5770.9,
    "pct2ResTime" : 6010.95,
    "pct3ResTime" : 6750.829999999996,
    "throughput" : 2.4873188195516525,
    "receivedKBytesPerSec" : 3772.805260315274,
    "sentKBytesPerSec" : 0.5998243823365542
  },
  "Total" : {
    "transaction" : "Total",
    "sampleCount" : 3040,
    "errorCount" : 28,
    "errorPct" : 0.92105263,
    "meanResTime" : 3918.483223684211,
    "medianResTime" : 3940.0,
    "minResTime" : 1.0,
    "maxResTime" : 48363.0,
    "pct1ResTime" : 5764.9,
    "pct2ResTime" : 6008.9,
    "pct3ResTime" : 6744.0300000000025,
    "throughput" : 2.520033854665337,
    "receivedKBytesPerSec" : 3772.1930446638175,
    "sentKBytesPerSec" : 0.6116013753043313
  },
  "Login" : {
    "transaction" : "Login",
    "sampleCount" : 10,
    "errorCount" : 0,
    "errorPct" : 0.0,
    "meanResTime" : 40.5,
    "medianResTime" : 19.0,
    "minResTime" : 16.0,
    "maxResTime" : 212.0,
    "pct1ResTime" : 194.00000000000006,
    "pct2ResTime" : 212.0,
    "pct3ResTime" : 212.0,
    "throughput" : 2.238638907544213,
    "receivedKBytesPerSec" : 8.128183064696666,
    "sentKBytesPerSec" : 1.604649373181106
  },
  "Login-0" : {
    "transaction" : "Login-0",
    "sampleCount" : 10,
    "errorCount" : 0,
    "errorPct" : 0.0,
    "meanResTime" : 36.7,
    "medianResTime" : 16.5,
    "minResTime" : 13.0,
    "maxResTime" : 206.0,
    "pct1ResTime" : 188.10000000000005,
    "pct2ResTime" : 206.0,
    "pct3ResTime" : 206.0,
    "throughput" : 2.240645305848084,
    "receivedKBytesPerSec" : 0.7264592202554335,
    "sentKBytesPerSec" : 0.6214289715438046
  },
  "Login-1" : {
    "transaction" : "Login-1",
    "sampleCount" : 10,
    "errorCount" : 0,
    "errorPct" : 0.0,
    "meanResTime" : 1.0,
    "medianResTime" : 1.0,
    "minResTime" : 1.0,
    "maxResTime" : 1.0,
    "pct1ResTime" : 1.0,
    "pct2ResTime" : 1.0,
    "pct3ResTime" : 1.0,
    "throughput" : 2.3496240601503757,
    "receivedKBytesPerSec" : 0.4382599565319549,
    "sentKBytesPerSec" : 0.5690495770676691
  },
  "Login-2" : {
    "transaction" : "Login-2",
    "sampleCount" : 10,
    "errorCount" : 0,
    "errorPct" : 0.0,
    "meanResTime" : 1.6,
    "medianResTime" : 1.5,
    "minResTime" : 1.0,
    "maxResTime" : 3.0,
    "pct1ResTime" : 2.9000000000000004,
    "pct2ResTime" : 3.0,
    "pct3ResTime" : 3.0,
    "throughput" : 2.349072116513977,
    "receivedKBytesPerSec" : 7.329380285412263,
    "sentKBytesPerSec" : 0.46339117923420253
  }
}